image_name,label
no_potholes0.png,0
no_potholes1.png,0
no_potholes11.png,0
no_potholes12.png,0
no_potholes13.png,0
no_potholes14.png,0
no_potholes15.png,0
no_potholes16.png,0
no_potholes18.png,0
no_potholes19.png,0
no_potholes2.png,0
no_potholes20.png,0
no_potholes21.png,0
no_potholes22.png,0
no_potholes23.png,0
no_potholes24.png,0
no_potholes25.png,0
no_potholes26.png,0
no_potholes27.png,0
no_potholes28.png,0
no_potholes29.png,0
no_potholes3.jpg,0
no_potholes30.png,0
no_potholes31.png,0
no_potholes32.png,0
no_potholes33.png,0
no_potholes34.png,0
no_potholes35.png,0
no_potholes36.png,0
no_potholes37.png,0
no_potholes38.png,0
no_potholes39.png,0
no_potholes4.png,0
no_potholes40.png,0
no_potholes41.png,0
no_potholes43.png,0
no_potholes44.png,0
no_potholes45.png,0
no_potholes46.png,0
no_potholes48.png,0
no_potholes49.png,0
no_potholes5.png,0
no_potholes50.png,0
no_potholes6.png,0
no_potholes8.png,0
no_potholes9.png,0
potholes0.png,1
potholes1.png,1
potholes10.png,1
potholes100.png,1
potholes101.png,1
potholes102.png,1
potholes103.png,1
potholes104.png,1
potholes105.png,1
potholes106.png,1
potholes107.png,1
potholes108.png,1
potholes109.png,1
potholes11.png,1
potholes110.png,1
potholes111.png,1
potholes112.png,1
potholes113.png,1
potholes114.png,1
potholes115.png,1
potholes116.png,1
potholes117.png,1
potholes118.png,1
potholes119.png,1
potholes12.png,1
potholes120.png,1
potholes121.png,1
potholes122.png,1
potholes123.png,1
potholes124.png,1
potholes125.png,1
potholes126.png,1
potholes127.png,1
potholes128.png,1
potholes129.png,1
potholes13.png,1
potholes130.png,1
potholes131.png,1
potholes132.png,1
potholes133.png,1
potholes134.png,1
potholes135.png,1
potholes136.png,1
potholes137.png,1
potholes138.png,1
potholes139.png,1
potholes14.png,1
potholes140.png,1
potholes141.png,1
potholes142.png,1
potholes143.png,1
potholes144.png,1
potholes145.png,1
potholes146.png,1
potholes147.png,1
potholes148.png,1
potholes149.png,1
potholes15.png,1
potholes150.png,1
potholes151.png,1
potholes152.png,1
potholes153.png,1
potholes154.png,1
potholes155.png,1
potholes156.png,1
potholes157.png,1
potholes158.png,1
potholes159.png,1
potholes16.png,1
potholes160.png,1
potholes161.png,1
potholes162.png,1
potholes163.png,1
potholes164.png,1
potholes165.png,1
potholes166.png,1
potholes167.png,1
potholes168.png,1
potholes169.png,1
potholes17.png,1
potholes170.png,1
potholes171.png,1
potholes172.png,1
potholes173.png,1
potholes174.png,1
potholes175.png,1
potholes176.png,1
potholes177.png,1
potholes178.png,1
potholes179.png,1
potholes18.png,1
potholes180.png,1
potholes181.png,1
potholes182.png,1
potholes183.png,1
potholes184.png,1
potholes185.png,1
potholes186.png,1
potholes187.png,1
potholes188.png,1
potholes189.png,1
potholes19.png,1
potholes190.png,1
potholes191.png,1
potholes192.png,1
potholes193.png,1
potholes194.png,1
potholes195.png,1
potholes196.png,1
potholes197.png,1
potholes198.png,1
potholes199.png,1
potholes2.png,1
potholes20.png,1
potholes200.png,1
potholes201.png,1
potholes202.png,1
potholes203.png,1
potholes204.png,1
potholes205.png,1
potholes206.png,1
potholes207.png,1
potholes208.png,1
potholes209.png,1
potholes21.png,1
potholes210.png,1
potholes211.png,1
potholes212.png,1
potholes213.png,1
potholes214.png,1
potholes215.png,1
potholes216.png,1
potholes217.png,1
potholes218.png,1
potholes219.png,1
potholes22.png,1
potholes220.png,1
potholes221.png,1
potholes222.png,1
potholes223.png,1
potholes224.png,1
potholes225.png,1
potholes226.png,1
potholes227.png,1
potholes228.png,1
potholes229.png,1
potholes23.png,1
potholes230.png,1
potholes231.png,1
potholes232.png,1
potholes233.png,1
potholes234.png,1
potholes235.png,1
potholes236.png,1
potholes237.png,1
potholes238.png,1
potholes239.png,1
potholes24.png,1
potholes240.png,1
potholes241.png,1
potholes242.png,1
potholes243.png,1
potholes244.png,1
potholes245.png,1
potholes246.png,1
potholes247.png,1
potholes248.png,1
potholes249.png,1
potholes25.png,1
potholes250.png,1
potholes251.png,1
potholes252.png,1
potholes253.png,1
potholes254.png,1
potholes255.png,1
potholes256.png,1
potholes257.png,1
potholes258.png,1
potholes259.png,1
potholes26.png,1
potholes260.png,1
potholes261.png,1
potholes262.png,1
potholes263.png,1
potholes264.png,1
potholes265.png,1
potholes266.png,1
potholes267.png,1
potholes268.png,1
potholes269.png,1
potholes27.png,1
potholes270.png,1
potholes271.png,1
potholes272.png,1
potholes273.png,1
potholes274.png,1
potholes275.png,1
potholes276.png,1
potholes277.png,1
potholes278.png,1
potholes279.png,1
potholes28.png,1
potholes280.png,1
potholes281.png,1
potholes282.png,1
potholes283.png,1
potholes284.png,1
potholes285.png,1
potholes286.png,1
potholes287.png,1
potholes288.png,1
potholes289.png,1
potholes29.png,1
potholes290.png,1
potholes291.png,1
potholes292.png,1
potholes293.png,1
potholes294.png,1
potholes295.png,1
potholes296.png,1
potholes297.png,1
potholes298.png,1
potholes299.png,1
potholes3.png,1
potholes30.png,1
potholes300.png,1
potholes301.png,1
potholes302.png,1
potholes303.png,1
potholes304.png,1
potholes305.png,1
potholes306.png,1
potholes307.png,1
potholes308.png,1
potholes309.png,1
potholes31.png,1
potholes310.png,1
potholes311.png,1
potholes312.png,1
potholes313.png,1
potholes314.png,1
potholes315.png,1
potholes316.png,1
potholes317.png,1
potholes318.png,1
potholes319.png,1
potholes32.png,1
potholes320.png,1
potholes321.png,1
potholes322.png,1
potholes323.png,1
potholes324.png,1
potholes325.png,1
potholes326.png,1
potholes327.png,1
potholes328.png,1
potholes329.png,1
potholes33.png,1
potholes330.png,1
potholes331.png,1
potholes332.png,1
potholes333.png,1
potholes334.png,1
potholes335.png,1
potholes336.png,1
potholes337.png,1
potholes338.png,1
potholes339.png,1
potholes34.png,1
potholes340.png,1
potholes341.png,1
potholes342.png,1
potholes343.png,1
potholes344.png,1
potholes345.png,1
potholes346.png,1
potholes347.png,1
potholes348.png,1
potholes349.png,1
potholes35.png,1
potholes350.png,1
potholes351.png,1
potholes352.png,1
potholes353.png,1
potholes354.png,1
potholes355.png,1
potholes356.png,1
potholes357.png,1
potholes358.png,1
potholes359.png,1
potholes36.png,1
potholes360.png,1
potholes361.png,1
potholes362.png,1
potholes363.png,1
potholes364.png,1
potholes365.png,1
potholes366.png,1
potholes367.png,1
potholes368.png,1
potholes369.png,1
potholes37.png,1
potholes370.png,1
potholes371.png,1
potholes372.png,1
potholes373.png,1
potholes374.png,1
potholes375.png,1
potholes376.png,1
potholes377.png,1
potholes378.png,1
potholes379.png,1
potholes38.png,1
potholes380.png,1
potholes381.png,1
potholes382.png,1
potholes383.png,1
potholes384.png,1
potholes385.png,1
potholes386.png,1
potholes387.png,1
potholes388.png,1
potholes389.png,1
potholes39.png,1
potholes390.png,1
potholes391.png,1
potholes392.png,1
potholes393.png,1
potholes394.png,1
potholes395.png,1
potholes396.png,1
potholes397.png,1
potholes398.png,1
potholes399.png,1
potholes4.png,1
potholes40.png,1
potholes400.png,1
potholes401.png,1
potholes402.png,1
potholes403.png,1
potholes404.png,1
potholes405.png,1
potholes406.png,1
potholes407.png,1
potholes408.png,1
potholes409.png,1
potholes41.png,1
potholes410.png,1
potholes411.png,1
potholes412.png,1
potholes413.png,1
potholes414.png,1
potholes415.png,1
potholes416.png,1
potholes417.png,1
potholes418.png,1
potholes419.png,1
potholes42.png,1
potholes420.png,1
potholes421.png,1
potholes422.png,1
potholes423.png,1
potholes424.png,1
potholes425.png,1
potholes426.png,1
potholes427.png,1
potholes428.png,1
potholes429.png,1
potholes43.png,1
potholes430.png,1
potholes431.png,1
potholes432.png,1
potholes433.png,1
potholes434.png,1
potholes435.png,1
potholes436.png,1
potholes437.png,1
potholes438.png,1
potholes439.png,1
potholes44.png,1
potholes440.png,1
potholes441.png,1
potholes442.png,1
potholes443.png,1
potholes444.png,1
potholes445.png,1
potholes446.png,1
potholes447.png,1
potholes448.png,1
potholes449.png,1
potholes45.png,1
potholes450.png,1
potholes451.png,1
potholes452.png,1
potholes453.png,1
potholes454.png,1
potholes455.png,1
potholes456.png,1
potholes457.png,1
potholes458.png,1
potholes459.png,1
potholes46.png,1
potholes460.png,1
potholes461.png,1
potholes462.png,1
potholes463.png,1
potholes464.png,1
potholes465.png,1
potholes466.png,1
potholes467.png,1
potholes468.png,1
potholes469.png,1
potholes47.png,1
potholes470.png,1
potholes471.png,1
potholes472.png,1
potholes473.png,1
potholes474.png,1
potholes475.png,1
potholes476.png,1
potholes477.png,1
potholes478.png,1
potholes479.png,1
potholes48.png,1
potholes480.png,1
potholes481.png,1
potholes482.png,1
potholes483.png,1
potholes484.png,1
potholes485.png,1
potholes486.png,1
potholes487.png,1
potholes488.png,1
potholes489.png,1
potholes49.png,1
potholes490.png,1
potholes491.png,1
potholes492.png,1
potholes493.png,1
potholes494.png,1
potholes495.png,1
potholes496.png,1
potholes497.png,1
potholes498.png,1
potholes499.png,1
potholes5.png,1
potholes50.png,1
potholes500.png,1
potholes501.png,1
potholes502.png,1
potholes503.png,1
potholes504.png,1
potholes505.png,1
potholes506.png,1
potholes507.png,1
potholes508.png,1
potholes509.png,1
potholes51.png,1
potholes510.png,1
potholes511.png,1
potholes512.png,1
potholes513.png,1
potholes514.png,1
potholes515.png,1
potholes516.png,1
potholes517.png,1
potholes518.png,1
potholes519.png,1
potholes52.png,1
potholes520.png,1
potholes521.png,1
potholes522.png,1
potholes523.png,1
potholes524.png,1
potholes525.png,1
potholes526.png,1
potholes527.png,1
potholes528.png,1
potholes529.png,1
potholes53.png,1
potholes530.png,1
potholes531.png,1
potholes532.png,1
potholes533.png,1
potholes534.png,1
potholes535.png,1
potholes536.png,1
potholes537.png,1
potholes538.png,1
potholes539.png,1
potholes54.png,1
potholes540.png,1
potholes541.png,1
potholes542.png,1
potholes543.png,1
potholes544.png,1
potholes545.png,1
potholes546.png,1
potholes547.png,1
potholes548.png,1
potholes549.png,1
potholes55.png,1
potholes550.png,1
potholes551.png,1
potholes552.png,1
potholes553.png,1
potholes554.png,1
potholes555.png,1
potholes556.png,1
potholes557.png,1
potholes558.png,1
potholes559.png,1
potholes56.png,1
potholes560.png,1
potholes561.png,1
potholes562.png,1
potholes563.png,1
potholes564.png,1
potholes565.png,1
potholes566.png,1
potholes567.png,1
potholes568.png,1
potholes569.png,1
potholes57.png,1
potholes570.png,1
potholes571.png,1
potholes572.png,1
potholes573.png,1
potholes574.png,1
potholes575.png,1
potholes576.png,1
potholes577.png,1
potholes578.png,1
potholes579.png,1
potholes58.png,1
potholes580.png,1
potholes581.png,1
potholes582.png,1
potholes583.png,1
potholes584.png,1
potholes585.png,1
potholes586.png,1
potholes587.png,1
potholes588.png,1
potholes589.png,1
potholes59.png,1
potholes590.png,1
potholes591.png,1
potholes592.png,1
potholes593.png,1
potholes594.png,1
potholes595.png,1
potholes596.png,1
potholes597.png,1
potholes598.png,1
potholes599.png,1
potholes6.png,1
potholes60.png,1
potholes600.png,1
potholes601.png,1
potholes602.png,1
potholes603.png,1
potholes604.png,1
potholes605.png,1
potholes606.png,1
potholes607.png,1
potholes608.png,1
potholes609.png,1
potholes61.png,1
potholes610.png,1
potholes611.png,1
potholes612.png,1
potholes613.png,1
potholes614.png,1
potholes615.png,1
potholes616.png,1
potholes617.png,1
potholes618.png,1
potholes619.png,1
potholes62.png,1
potholes620.png,1
potholes621.png,1
potholes622.png,1
potholes623.png,1
potholes624.png,1
potholes625.png,1
potholes626.png,1
potholes627.png,1
potholes628.png,1
potholes629.png,1
potholes63.png,1
potholes630.png,1
potholes631.png,1
potholes632.png,1
potholes633.png,1
potholes634.png,1
potholes635.png,1
potholes636.png,1
potholes637.png,1
potholes638.png,1
potholes639.png,1
potholes64.png,1
potholes640.png,1
potholes641.png,1
potholes642.png,1
potholes643.png,1
potholes644.png,1
potholes645.png,1
potholes646.png,1
potholes647.png,1
potholes648.png,1
potholes649.png,1
potholes65.png,1
potholes650.png,1
potholes651.png,1
potholes652.png,1
potholes653.png,1
potholes654.png,1
potholes655.png,1
potholes656.png,1
potholes657.png,1
potholes658.png,1
potholes659.png,1
potholes66.png,1
potholes660.png,1
potholes661.png,1
potholes662.png,1
potholes663.png,1
potholes664.png,1
potholes67.png,1
potholes68.png,1
potholes69.png,1
potholes7.png,1
potholes70.png,1
potholes71.png,1
potholes72.png,1
potholes73.png,1
potholes74.png,1
potholes75.png,1
potholes76.png,1
potholes77.png,1
potholes78.png,1
potholes79.png,1
potholes8.png,1
potholes80.png,1
potholes81.png,1
potholes82.png,1
potholes83.png,1
potholes84.png,1
potholes85.png,1
potholes86.png,1
potholes87.png,1
potholes88.png,1
potholes89.png,1
potholes9.png,1
potholes90.png,1
potholes91.png,1
potholes92.png,1
potholes93.png,1
potholes94.png,1
potholes95.png,1
potholes96.png,1
potholes97.png,1
potholes98.png,1
potholes99.png,1
